Asset1,Asset2,Correlation
SPY,QQQ,0.9350643136601962
XOM,CVX,0.8718622850809987
HD,LOW,0.8513979523902985
XOM,COP,0.845038462482267
GS,MS,0.8439706194045661
JPM,BAC,0.842885412946707
CVX,COP,0.8396680578649721
SPY,IWM,0.8360383091037765
MSFT,QQQ,0.8304617863822861
BAC,C,0.8287538311125167
BAC,WFC,0.8280405329500631
TMO,DHR,0.8179131217849835
SPY,EFA,0.8065833600537922
JPM,C,0.7947299783315984
NVDA,QQQ,0.7935670998736578
JPM,GS,0.7862415345910037
AAPL,QQQ,0.7856780522556214
BAC,USB,0.7846560047558659
AMZN,QQQ,0.7831770180254691
WFC,C,0.7736083054669217
BAC,MS,0.7727844738519699
JPM,WFC,0.7727620353514848
BLK,SPY,0.7715860323221373
GS,C,0.769751928929494
BAC,GS,0.7662302172639869
JPM,MS,0.7612008424632334
MSFT,SPY,0.7610566881969116
MS,C,0.7575612570018463
WFC,USB,0.7529886132911734
IWM,EFA,0.7529420353212597
AAPL,SPY,0.7440154891122104
GOOGL,QQQ,0.7438372126276533
C,USB,0.726382242505198
QQQ,IWM,0.7258726483485697
JPM,USB,0.7241106752735056
WFC,GS,0.7239896851499457
AVGO,QQQ,0.7189367458560791
WFC,MS,0.7147679024697753
BAC,AXP,0.7140868946961929
BLK,IWM,0.7138948613761057
JPM,AXP,0.7107785497696224
QQQ,EFA,0.7094531340559309
BLK,EFA,0.7062372526863118
MS,IWM,0.7041126853235823
GS,IWM,0.7038704864604335
ADBE,QQQ,0.7017419040359654
AMZN,SPY,0.7011054114768318
META,QQQ,0.6962316269194236
GOOGL,SPY,0.6940705460281144
NVDA,SPY,0.6886271097699801
MS,USB,0.6842133719300048
MS,SPY,0.6808526535743794
MS,AXP,0.6779044878035575
AXP,IWM,0.6772347725991203
GS,SPY,0.6757955630938538
BLK,QQQ,0.675419853247897
GS,USB,0.6737339414591043
AXP,USB,0.6729170204015412
WFC,AXP,0.6719444604166881
C,AXP,0.6715231559543474
MSFT,AMZN,0.6692371464441582
GS,AXP,0.6661573605289425
MS,BLK,0.665535619328345
C,IWM,0.6653232087220703
BAC,IWM,0.6640697843890199
MSFT,GOOGL,0.6613780678547995
AXP,SPY,0.6612496453536352
USB,IWM,0.6578770400026311
AVGO,SPY,0.6578415942596934
NVDA,AVGO,0.6528890562519758
CAT,DE,0.6517763540941127
BAC,SCHW,0.6485381427695586
HON,SPY,0.647017462762037
AAPL,MSFT,0.6455331722097037
CRM,QQQ,0.643834421950194
GS,BLK,0.6425214079179873
MSFT,NVDA,0.6405932170422648
TSLA,QQQ,0.6315960825416103
CAT,IWM,0.6309751082500734
MS,EFA,0.6287338910548164
ADBE,SPY,0.6281369685936392
MS,SCHW,0.6280286941075094
HON,IWM,0.6263746582721671
MSFT,ADBE,0.6252518799583818
GS,EFA,0.6242274973137826
JPM,IWM,0.6229129074992246
META,SPY,0.6221687350634547
GOOGL,AMZN,0.6208310218218509
ADBE,CRM,0.6201127571327082
CSCO,SPY,0.6192458078594371
WFC,IWM,0.6180017490086044
HD,SPY,0.613254800738727
JPM,SPY,0.6121783984915375
C,SPY,0.6114730769508346
META,AMZN,0.6114535897126582
BAC,BLK,0.6092171143856127
SCHW,USB,0.6082623479130198
WFC,SCHW,0.604102576504516
AXP,EFA,0.6032371518541013
CRM,SPY,0.6025301757558456
BAC,SPY,0.6012176050878892
JPM,BLK,0.5983871359803867
BLK,AXP,0.5965359546248008
C,EFA,0.5940835744643339
MSFT,META,0.5937777890078022
BA,IWM,0.5906697233867062
GS,CAT,0.5888156927208988
GS,SCHW,0.5854381563857529
MS,CAT,0.5842816786694695
JPM,SCHW,0.5826456900663356
HON,EFA,0.5808643945596275
HD,IWM,0.5776218320718834
AAPL,AMZN,0.577517289080925
GOOGL,META,0.5745770188403645
GE,IWM,0.5744458922264901
C,BLK,0.5736378795289176
LOW,SPY,0.5707199379399681
JPM,CAT,0.5692620701561988
SBUX,SPY,0.5681909481723925
NVDA,AMZN,0.5669931497148776
AAPL,GOOGL,0.5667298561494974
MSFT,CRM,0.566551749594381
CAT,SPY,0.5663339245531998
BLK,HON,0.5661413927473954
BAC,EFA,0.5660685637954597
BLK,HD,0.5653244682386565
ADBE,AMZN,0.5636918406794578
BAC,CAT,0.5635922062116512
C,CAT,0.5634136481180395
LOW,IWM,0.5630289149124954
JPM,EFA,0.561323902268763
BLK,USB,0.5609846368874734
USB,SPY,0.5571430031874448
AXP,HON,0.5568509630360086
DHR,SPY,0.5561137286509324
SCHW,IWM,0.5557856139666609
GE,SPY,0.5540492164077747
AXP,CAT,0.551920566665295
TSLA,SPY,0.5510600686149331
WFC,SPY,0.5506888254431394
JPM,HON,0.5504444582759492
C,SCHW,0.5499050269187197
BA,EFA,0.5496387247974615
CAT,EFA,0.5492677364877582
USB,CAT,0.5487666552548577
DE,IWM,0.5476459549013287
NKE,SPY,0.5464931044868281
TMO,SPY,0.5460274814639867
BA,SPY,0.5454216669991488
WFC,BLK,0.5453392045427136
CSCO,QQQ,0.5448524955331595
SCHW,AXP,0.5424761060386485
AXP,GE,0.5424087449236966
JPM,GE,0.5417433259144011
CRM,AMZN,0.541683414666586
AXP,BA,0.5413550988225355
TJX,IWM,0.5397168714193022
BA,RTX,0.5391246250466942
MSFT,EFA,0.5386133234351281
TJX,SPY,0.5370354541993583
BA,GE,0.5363848934626647
AAPL,EFA,0.5362691282537595
BLK,LOW,0.536201127528796
GS,GE,0.5361008317935586
USB,EFA,0.5355745986129242
CAT,HON,0.5351779691302926
AAPL,ADBE,0.534616376105036
C,GE,0.5344327166737798
AAPL,IWM,0.5343692036467136
MSFT,BLK,0.5342879808401503
MS,QQQ,0.5336998222190233
GOOGL,NVDA,0.5335379166444066
GS,HON,0.5327551458131098
NVDA,ADBE,0.5323603278858413
HD,QQQ,0.5320311301826594
GE,EFA,0.5295836060936204
MSFT,AVGO,0.5291053592886245
AAPL,NVDA,0.528508733518652
GOOGL,ADBE,0.5283553525830998
MS,GE,0.5282958675074432
BAC,HON,0.5282234265825024
AAPL,BLK,0.5280491496361336
USB,HON,0.5271057470384748
CVX,CAT,0.5264372640166739
MS,HON,0.5260585776989002
GS,QQQ,0.5248492712991806
BLK,SCHW,0.5233511526169986
C,BA,0.5216132380591796
WFC,EFA,0.5194385543510311
CSCO,IWM,0.516951989974055
RTX,HON,0.5163303493425372
CAT,GE,0.5159068818532875
SBUX,EFA,0.5148347276521215
GOOGL,EFA,0.5143933276952173
UPS,SPY,0.5140015011619274
BAC,GE,0.5137881723645475
AVGO,IWM,0.5107422844406072
TMO,QQQ,0.5098618158325985
C,HON,0.5097879253984519
AMZN,IWM,0.509385680842391
SBUX,IWM,0.5089774843309359
HD,EFA,0.5089583726825615
DHR,QQQ,0.5086973045765333
HON,GE,0.5084262051433095
WFC,CAT,0.5084102929056493
SBUX,QQQ,0.5076366505261175
AAPL,META,0.5067749872106911
SCHW,SPY,0.5059071620243694
WFC,GE,0.5051693122607352
BAC,CVX,0.5050741461901416
NVDA,EFA,0.5041783392051024
NVDA,META,0.5029210221283505
AXP,RTX,0.502663794558505
AXP,TJX,0.5021715692414713
C,CVX,0.5008615182206735
LOW,QQQ,0.5007534167763312
HD,TGT,0.5004290184042222
NKE,IWM,0.4996938824417742
AXP,QQQ,0.4996456693623635
BLK,CAT,0.4990738730306688
MSFT,IWM,0.498862530287978
TJX,EFA,0.4976573803579886
BA,HON,0.4971469282535821
WFC,HON,0.49673922868056636
META,ADBE,0.496418436592269
GOOGL,IWM,0.49637089201447737
NVDA,IWM,0.4963221662831503
RTX,IWM,0.49399804520228807
BAC,BA,0.49328734219326836
TMO,ABT,0.492583621521607
COP,CAT,0.4925430601637144
JPM,TJX,0.49223879865691383
AMZN,EFA,0.4919938304685104
TJX,HON,0.49163299687240214
JPM,BA,0.49126368496777023
AAPL,TSLA,0.489833836216381
ORCL,SPY,0.489339068403432
JPM,RTX,0.4892006398752107
DE,SPY,0.4890092904097096
AVGO,EFA,0.488406874901696
TSLA,IWM,0.48821954578488735
NKE,QQQ,0.4878865653562662
XOM,CAT,0.48758895744270847
HON,QQQ,0.48727057137326546
CSCO,BLK,0.48718767190643336
C,COP,0.4871805860373777
CRM,IWM,0.486767068075854
CSCO,EFA,0.4858919817085387
NKE,EFA,0.4857799569252359
CVX,IWM,0.484547610664427
BLK,AMZN,0.48440011293004115
GS,BA,0.4841653043369649
WFC,BA,0.48363463635503723
GOOGL,BLK,0.48347474825514103
BAC,COP,0.4834598822097244
RTX,GE,0.4826901860537904
C,XOM,0.4816268831232566
MS,DE,0.48095454735760257
JPM,CVX,0.4805704221199614
LOW,EFA,0.48047241398826057
COP,RTX,0.4803226211641489
BAC,XOM,0.48016606785091487
NVDA,CRM,0.4796883144954783
MS,BA,0.47905155224262824
HON,DE,0.47858368230507176
BLK,SBUX,0.4780385155034066
UPS,IWM,0.4771403277979582
BLK,DHR,0.47665499834183783
NKE,SBUX,0.4765538341456917
AVGO,AMZN,0.47640901005341335
ABT,DHR,0.47493294826288907
DHR,EFA,0.4746728336128209
MS,CVX,0.47375193558719914
GS,DE,0.4727044573108328
NVDA,BLK,0.47254146093169297
AAPL,AVGO,0.4720546903696287
BLK,GE,0.4720378876605429
ADBE,BLK,0.469805768520292
DHR,IWM,0.46924442694163526
BLK,TJX,0.46801707151487987
NVDA,TSLA,0.467493569826022
USB,GE,0.46699691088728396
META,CRM,0.4668685014869537
WFC,CVX,0.4664258462905176
COP,IWM,0.4663432648744166
TGT,IWM,0.46626047187530884
CVX,RTX,0.4660253440685533
USB,CVX,0.46494881282585937
DE,EFA,0.4646518053141472
RTX,SPY,0.4640051404575124
TGT,SPY,0.46393566750061876
AAPL,CRM,0.46374196253794225
XOM,RTX,0.463550285033312
GOOGL,CRM,0.4632758969916606
BAC,TJX,0.4629717592265304
GOOGL,AVGO,0.4611701464983389
BLK,NKE,0.46102807043692373
ORCL,QQQ,0.4607618634444554
ADBE,EFA,0.4606556042044064
AXP,CVX,0.4597895045545917
SCHW,CAT,0.4588302174879063
MS,TJX,0.45880342745559016
SCHW,EFA,0.4580540454229265
CSCO,HON,0.45766392934580136
BAC,RTX,0.45678250795967795
JPM,COP,0.4561938381860582
WFC,COP,0.45569897447854507
TMO,EFA,0.4552951855051324
MS,COP,0.4551727375679896
BAC,DE,0.4551135283725659
ADBE,IWM,0.4547375789442248
AXP,COP,0.45443712808737147
META,EFA,0.4539115819214124
JPM,XOM,0.45389761807255324
USB,BA,0.4537969709933286
USB,RTX,0.4534065653966012
GS,CVX,0.45325180642068147
C,RTX,0.4529298607831035
JPM,DE,0.45281056566402406
AVGO,ORCL,0.45220586872510166
TMO,IWM,0.45154543538395236
AVGO,BLK,0.45132952963005984
HD,TJX,0.4505551040560878
AXP,DE,0.44999378763158115
AMZN,TSLA,0.44917763675964606
ABBV,AMGN,0.4486717548703644
AVGO,ADBE,0.4485494959704158
CRM,BLK,0.4478916179967736
JNJ,ABBV,0.44760872146214237
USB,COP,0.44679047656207294
BLK,TMO,0.446658641334873
WFC,RTX,0.4461614156155662
META,IWM,0.44598991276189254
TGT,LOW,0.44534499263870186
BLK,UPS,0.4452816564183157
USB,XOM,0.44482246576344225
HD,HON,0.4448032248541763
GS,TJX,0.44438279479354653
HD,UPS,0.44428128232263314
ABT,SPY,0.44405481280999165
CRM,EFA,0.4439643065823265
JNJ,ABT,0.4436405631633215
C,QQQ,0.4433848039542824
GS,COP,0.4428691549961462
MS,RTX,0.44203997984974425
AAPL,HD,0.4415961582116962
AXP,XOM,0.44156028841382605
JNJ,PFE,0.4414158574452245
BA,QQQ,0.441187085317448
XOM,IWM,0.4409652478287304
BLK,BA,0.44055509941047893
MSFT,CSCO,0.4403904880184034
CVX,EFA,0.4402329378473341
AAPL,CSCO,0.4387828612553315
HD,NKE,0.43876738539918797
BLK,DE,0.4383636495292022
AXP,SBUX,0.43829819032637696
WFC,TJX,0.4377736346028681
ABBV,MRK,0.437427296356722
WFC,XOM,0.437401845986881
SCHW,HON,0.43739346828013176
MCD,SPY,0.4371714182729266
MSFT,TSLA,0.4370655309047779
CVX,SPY,0.43693751996855823
JNJ,AMGN,0.43667441188226025
USB,DE,0.4364974480326911
UPS,QQQ,0.4357140579248897
GS,RTX,0.4351126391481535
LOW,TJX,0.4350875964380124
UPS,EFA,0.4348827365161072
MS,XOM,0.4347341025161934
SCHW,GE,0.4347293816760306
DHR,HD,0.4343663926540655
JNJ,MRK,0.43378206335230735
USB,TJX,0.43328324137217855
CSCO,MS,0.43220771602259006
RTX,EFA,0.4291529705144054
META,BLK,0.4288876365609655
C,DE,0.4275339773990333
META,AVGO,0.4273204667962483
CSCO,AXP,0.42506626498766037
NKE,HON,0.4244637098036139
CVX,HON,0.4240275558287154
AAPL,NKE,0.4240159188609709
AVGO,CSCO,0.42329608006825126
AVGO,TSLA,0.42310385709259235
MSFT,DHR,0.4228800855012895
GS,XOM,0.4222008046791042
DHR,LOW,0.42217588409417756
JPM,QQQ,0.4221207325810553
CVX,DE,0.42151544875951324
NKE,LOW,0.4202355033809002
BA,CAT,0.4199253027123331
MSFT,HD,0.41965948062537495
MSFT,ORCL,0.41932434273559166
ADBE,HD,0.41899010620766436
TJX,BA,0.4176361028525966
CSCO,GS,0.41750886932882664
MS,SBUX,0.41741794949556527
TMO,HD,0.4174130362209712
BLK,TGT,0.4173252783786661
TSLA,EFA,0.41638565531915517
COP,SPY,0.415672421164311
GE,QQQ,0.41484148774248947
C,TJX,0.4146363867527351
LOW,UPS,0.4143362840779369
SCHW,BA,0.41432443292487964
CAT,RTX,0.41424866094029117
SBUX,HON,0.41379426436092925
TMO,LOW,0.41361471813205575
ABBV,PFE,0.41337354348064326
TJX,GE,0.41226781309036276
LOW,HON,0.4120378817253837
AAPL,SBUX,0.4113991603101329
TJX,QQQ,0.4113727980431855
BAC,QQQ,0.4110499152006544
GS,SBUX,0.4108060684060888
AAPL,LOW,0.41074591196548516
COP,EFA,0.4102723894431053
MCD,HON,0.40984480514442606
AMZN,HD,0.4097650307869292
GS,HD,0.409457223300783
COP,HON,0.40929290392889006
AAPL,DHR,0.40924649249242695
WFC,DE,0.4083699410911674
SCHW,RTX,0.40826179726106077
SCHW,DE,0.4070239742811996
CSCO,HD,0.4068184757144204
MCD,EFA,0.4067957667592287
AAPL,TMO,0.4063035686630411
NKE,TGT,0.40619700831873234
TJX,RTX,0.4058236007269384
NVDA,ORCL,0.405397446237821
MSFT,TMO,0.40482783897813895
ADBE,TMO,0.40480493615254093
CSCO,JPM,0.40467536760693146
GOOGL,TSLA,0.4044488446255483
CAT,QQQ,0.40414842381936555
RTX,DE,0.40413116343275834
TGT,UPS,0.4037587383262601
MS,HD,0.4037097480118988
BA,DE,0.40291944396129614
COP,GE,0.40263670473821755
SCHW,TJX,0.4025177552984496
CSCO,BAC,0.4005621243730234
JPM,SBUX,0.4004174557461332
CSCO,C,0.4003614112055889
ABT,EFA,0.39996605545832686
COP,DE,0.3999490468134327
XOM,DE,0.3992223700214881
CVX,BA,0.398381608386368
MRK,AMGN,0.3981518745542221
ADBE,DHR,0.39781265823238343
TGT,QQQ,0.39748266057775494
CVX,GE,0.39690009375408924
AMZN,NKE,0.3961679365681589
BAC,SBUX,0.3945219261833152
COP,BA,0.39448283307493504
GE,DE,0.3941637920721164
MRK,PFE,0.39343682746084235
SBUX,BA,0.3915375423875597
MS,NKE,0.3914812656353819
MSFT,LOW,0.39099634411431966
AAPL,UPS,0.3906953287989169
ADBE,LOW,0.3905034199369577
BLK,ABT,0.38998835522677444
SBUX,TJX,0.3896585723723281
HD,SBUX,0.3895091369208739
AVGO,MS,0.38922248424271083
C,SBUX,0.3889164397488027
AVGO,CRM,0.3887765224654071
AXP,NKE,0.38852802516016477
CRM,TSLA,0.38802443291022404
TGT,EFA,0.3875291204520803
XOM,HON,0.3875200578874484
GOOGL,CSCO,0.3871341401772006
ADBE,CSCO,0.3869846557373887
GS,LOW,0.3866523830359012
AAPL,HON,0.38607833208014897
XOM,GE,0.38450257734058896
XOM,BA,0.3844296036461383
XOM,EFA,0.38402808601657795
AAPL,MS,0.38384165840479956
BLK,RTX,0.38277050202424556
AAPL,GS,0.38140470544557326
USB,HD,0.3814019259031486
MSFT,MS,0.38072819989589435
GS,UPS,0.38049366226297354
BLK,TSLA,0.3797327714920741
CSCO,SBUX,0.37903261844269215
AVGO,GS,0.3782525583185955
MCD,TJX,0.3777476187972785
GS,AMZN,0.3770263191294347
NVDA,MS,0.37680481727351034
HON,UPS,0.37641801519271223
XOM,SPY,0.3754141592327552
ADBE,TSLA,0.37535761770457393
TMO,AMZN,0.37507417848884245
CSCO,USB,0.374770257650585
GOOGL,GS,0.37473880745649
HD,MCD,0.37441671185690895
SCHW,CVX,0.37439715655789374
GS,NKE,0.3743025606348048
WFC,QQQ,0.3741023534026016
BAC,UPS,0.3736529964834447
ABT,QQQ,0.37361623909565
MCD,SBUX,0.3735738416865158
BLK,MCD,0.3732227331945736
NKE,UPS,0.37310854718891534
TJX,CAT,0.37271565613511265
GOOGL,MS,0.37226087704776595
AMZN,LOW,0.3721622539843232
USB,SBUX,0.3720336649763505
WMT,SPY,0.3719065318048668
LLY,MRK,0.3717835038474134
MS,LOW,0.37161643646659415
MS,UPS,0.3705240932029518
HD,DE,0.36942910077503804
PFE,DHR,0.36932671274065565
ABT,HD,0.3693104820461748
CAT,UPS,0.3692421216044184
GOOGL,AXP,0.3688586081903073
LOW,DE,0.36874773093041174
MSFT,HON,0.3684618435850489
AAPL,AXP,0.36782829221357566
CSCO,LOW,0.36773836822255285
TJX,DE,0.3676482696509185
PFE,AMGN,0.36706275548261935
CSCO,CAT,0.3664927755986422
MRK,TMO,0.3661912436228178
ABT,LOW,0.3661559257852661
SCHW,QQQ,0.3652248003595856
MS,AMZN,0.3650214372457293
GOOGL,NKE,0.36491332914869756
GOOGL,TMO,0.3645754410383546
SCHW,COP,0.36452144572670614
USB,UPS,0.3645163349284944
AXP,HD,0.36414408785558855
PFE,TMO,0.3633771769354394
MSFT,GS,0.36300048403311974
CSCO,AMZN,0.3628327701248883
MSFT,NKE,0.3625151753737032
SBUX,LOW,0.3616426996647714
DHR,AMZN,0.3616282374197471
AXP,AMZN,0.36120716901994143
AVGO,CAT,0.36087089990329557
CRM,DHR,0.3603548255569143
ORCL,EFA,0.3600274377682699
USB,LOW,0.35973973046313257
USB,QQQ,0.3593880303875038
AXP,UPS,0.35900023707807066
MSFT,SBUX,0.35888482253356285
ORCL,IWM,0.3584257255692701
NVDA,TMO,0.358035390388596
NVDA,CSCO,0.35800151403739955
TMO,NKE,0.3566461597515775
NVDA,GS,0.35608477044506814
META,HD,0.35592007938633785
SCHW,XOM,0.3557908188548693
NKE,TJX,0.3551738034773331
GOOGL,DHR,0.3548659850237582
MSFT,AXP,0.354811011417418
DHR,HON,0.3545890538932662
BLK,CVX,0.3544757289136099
AMZN,SBUX,0.35415480709871655
JNJ,MCD,0.35345632979998576
CSCO,WFC,0.3533329606746585
WFC,SBUX,0.3531779291882698
AMGN,SPY,0.3525529496212345
ADBE,NKE,0.3520241259396419
HD,CAT,0.3518480051247104
MCD,LOW,0.3506304322362561
AVGO,AXP,0.35052578487955893
NKE,BA,0.35042095111328303
BAC,HD,0.35028124084070267
MSFT,UPS,0.35011516332194326
GOOGL,HON,0.3498766639125468
GOOGL,HD,0.34969730310475655
DHR,NKE,0.3492418996647517
ABT,HON,0.3491634939959757
CSCO,UPS,0.34840066261932184
NVDA,DHR,0.34838031736622593
CSCO,NKE,0.3477908897324468
WMT,HD,0.347762991089535
CRM,TMO,0.3475628073310777
DE,QQQ,0.34743112427551964
C,UPS,0.3472417366151719
DHR,UPS,0.3468873906847605
CRM,HD,0.34672754747272544
ABT,MCD,0.34664335917437494
JPM,UPS,0.344994157481973
CSCO,TJX,0.3447035537077284
AVGO,GE,0.34458476266006116
ABT,IWM,0.34365042857984257
AVGO,HD,0.34348082900583043
LOW,CAT,0.34208080934627555
AMZN,UPS,0.3419514079713749
NVDA,HD,0.3417814960070749
ORCL,CSCO,0.3416975317886054
META,LOW,0.34098711285805244
CSCO,TMO,0.340862214874801
META,TSLA,0.34080535958253555
AAPL,BA,0.340788120573037
CSCO,GE,0.3407588411642005
USB,NKE,0.34074663314719894
MCD,IWM,0.34053906159553526
MSFT,ABT,0.34042105579304555
TMO,HON,0.3398032988838501
ADBE,SBUX,0.3391468717913457
ABBV,ABT,0.3384679233220664
SBUX,UPS,0.33846337360586254
MS,TSLA,0.3383176468377251
CRM,GS,0.3379990998862776
AMZN,TGT,0.3379280465486349
CRM,LOW,0.3368872455026551
MS,TGT,0.3367978441281595
AVGO,SBUX,0.33677653121443135
C,HD,0.3360667843231044
TMO,UPS,0.33600150618184904
CRM,CSCO,0.33581920294954326
CSCO,DHR,0.3356478391074597
WMT,TGT,0.3356115387215353
BLK,COP,0.3353539739496659
TMO,TGT,0.3350386814800924
CRM,AXP,0.3346556116026253
CRM,MS,0.3346530178587083
BAC,TGT,0.3343200555767754
AVGO,HON,0.3342253524432462
GOOGL,SBUX,0.33406711731051664
AXP,LOW,0.33377305961792375
C,NKE,0.33304950182401116
META,NKE,0.3323099451562839
NVDA,SBUX,0.33169625840298955
MS,DHR,0.3312605895708921
GOOGL,LOW,0.33108955063203593
CSCO,RTX,0.33059063808748185
DHR,TGT,0.3305172626437249
CSCO,TGT,0.3301868007070713
MCD,QQQ,0.3295062948177395
BAC,LOW,0.32939181902266434
SBUX,GE,0.3290509824466325
JPM,NKE,0.32873140610966783
LLY,ABBV,0.3286357603810669
GS,TSLA,0.3283369601926688
GS,TGT,0.32816273602574175
GS,DHR,0.327917551328316
META,GS,0.3276941601059107
AVGO,LOW,0.32686946920035465
TMO,AMGN,0.3263699196563026
AVGO,BA,0.32547802303692874
META,MS,0.3254555065026058
AAPL,TGT,0.3253332033237412
CSCO,MCD,0.3252925673451564
JNJ,HON,0.32494339952004464
ORCL,BLK,0.32449587428162974
META,SBUX,0.3241814069991181
TGT,HON,0.32406584732790267
BAC,NKE,0.3239436085392367
CSCO,DE,0.3238375457261411
NKE,DE,0.32380548512222734
NKE,CAT,0.32349410119380567
ADBE,ABT,0.32347066933902674
NVDA,AXP,0.3230415976698829
CSCO,ABT,0.3229327190696797
GOOGL,C,0.32211863242452554
ORCL,GS,0.3211835104785474
ADBE,HON,0.3209672953343497
JPM,HD,0.32033390192040895
CSCO,BA,0.32021639887401254
C,TGT,0.3198142943980011
SBUX,TGT,0.3198041633973831
LLY,SPY,0.31910655367184143
AMGN,EFA,0.3189733859843872
SBUX,CAT,0.31882021133068184
AAPL,MCD,0.31761370690917257
ORCL,AMZN,0.3174332395960022
AAPL,C,0.3169663760499574
WFC,HD,0.31689575857258157
WFC,UPS,0.3164308824341072
WMT,QQQ,0.31631741344959974
C,LOW,0.3162050174565391
META,AXP,0.31573096516129584
AMGN,HON,0.3154478291542805
DHR,SBUX,0.3153103843743321
UPS,DE,0.3152145545868437
ABBV,DHR,0.31515645574400775
AXP,TSLA,0.31508270642575414
CRM,NKE,0.31477148993527926
NVDA,LOW,0.31470170674684195
HD,AGG,0.3144663041117791
ADBE,ORCL,0.31424538451260137
TMO,SBUX,0.3134551182237091
GOOGL,JPM,0.3133127475151025
BLK,XOM,0.3131003931846529
AMZN,BA,0.31289743983047746
AAPL,TJX,0.3123232188838674
NVDA,NKE,0.3121305784123619
META,HON,0.3117960080628749
TSLA,BA,0.31086243469865454
AVGO,TMO,0.31051891874705345
AVGO,C,0.30978330209378485
GOOGL,ORCL,0.3097337536745536
CRM,SBUX,0.30972988459539885
CRM,HON,0.3096698108924894
TGT,DE,0.3096255757612409
META,CSCO,0.30927578939741707
AVGO,DHR,0.30925244835477195
ABBV,TMO,0.30913350726499017
CSCO,CVX,0.30908056238829357
USB,TGT,0.3090346217267323
META,TMO,0.30894735580384786
MSFT,TJX,0.3070504591949195
CSCO,SCHW,0.30694384682228854
ORCL,MS,0.3067377126509786
DHR,AMGN,0.30630000094061416
AMZN,HON,0.3061926592906744
TJX,CVX,0.3061900448473889
META,DHR,0.3061260274006519
AVGO,NKE,0.3060369399422375
ADBE,UPS,0.30595450406823016
C,AMZN,0.30569609361114014
ABT,AMGN,0.30470356839183
WMT,LOW,0.3044695935676468
GOOGL,BA,0.30441572921158044
AAPL,ABT,0.30404761552251486
AMGN,IWM,0.30337009492024186
ABBV,SPY,0.30323725133341006
AVGO,JPM,0.3028365046899784
AAPL,BAC,0.30280023733805833
ORCL,GE,0.30269744330080894
MS,TMO,0.30243131345348917
GOOGL,TJX,0.3023911810624416
LOW,AGG,0.30174822586402056
AAPL,JPM,0.30107109005237936
GOOGL,BAC,0.30075628116117264
WFC,LOW,0.2997997867059593
NVDA,GE,0.2994670494909842
MRK,DHR,0.2992142154806265
AXP,DHR,0.2991184602021593
CSCO,WMT,0.2982122302892953
JNJ,LLY,0.297819426195725
PFE,EFA,0.2975762924933385
SBUX,DE,0.2972391368626489
CRM,ORCL,0.2967391127553317
LLY,AMGN,0.29628387680584517
JPM,MCD,0.29606080894662423
SCHW,UPS,0.29512025646371604
ADBE,AXP,0.29510573377756905
SBUX,RTX,0.29449904877189026
SCHW,SBUX,0.29380394305270163
MCD,RTX,0.293673841351062
UNH,SPY,0.29356315989309695
AAPL,WMT,0.2929004040535897
AXP,TGT,0.2925452063384462
ORCL,CAT,0.29242496440367843
BLK,WMT,0.2922823493505798
JPM,TGT,0.2921690024727444
NVDA,BA,0.2915642602784169
JNJ,TMO,0.2910660748653171
PFE,SPY,0.2907486775382158
ADBE,GS,0.29061192350152065
AAPL,ORCL,0.28953368935691043
ADBE,MS,0.2892805561523269
GS,TMO,0.28913962902230905
WFC,TGT,0.2888098142110071
RTX,QQQ,0.2881867928572832
ABT,UPS,0.28813454700225316
BAC,AMZN,0.28809195025183915
MSFT,C,0.2879382716341219
SCHW,HD,0.2879177517861004
MCD,NKE,0.28771551602390444
CRM,ABT,0.28737617613232247
NVDA,CAT,0.2866928965954952
MSFT,BA,0.2863228092332028
AAPL,DE,0.2858982995813424
USB,DHR,0.28502770486104306
HD,GE,0.28477099855787696
WFC,NKE,0.284333212624434
BLK,AMGN,0.284318829832952
JPM,AMZN,0.28427159702104077
MSFT,JPM,0.28421495668874225
PFE,HON,0.2841303931111182
ABT,SBUX,0.2840493780750444
META,UPS,0.283964521532036
HD,BA,0.2833102007948438
BA,UPS,0.28303596540188125
MCD,BA,0.28302303578650434
JPM,LOW,0.282697567904915
NVDA,UPS,0.28268514108846443
MRK,ABT,0.2826249947084153
NKE,GE,0.2825967348222848
GOOGL,UPS,0.2825850734636774
TGT,CAT,0.2823921318670371
SCHW,NKE,0.28180783629324585
PFE,ABT,0.2815607346042942
CRM,UPS,0.2810787889211478
TSLA,SBUX,0.2810064535713252
TMO,TSLA,0.28006731797737067
TJX,XOM,0.2793656424469955
AMGN,QQQ,0.2792186806976772
AXP,MCD,0.2791153486164338
DHR,MCD,0.2787119733544932
AMGN,MCD,0.27855155495249767
NVDA,C,0.2785231283332512
GOOGL,CAT,0.2784780554047658
ADBE,TGT,0.2782025999508353
C,TSLA,0.278049966305396
ABT,NKE,0.27796226041331723
TJX,COP,0.2778035661364176
AMZN,TJX,0.2777371370423346
GOOGL,WFC,0.2775437519711207
GOOGL,GE,0.27719058202016184
USB,MCD,0.2771801586723636
AXP,TMO,0.276829286961128
META,C,0.27681096124385757
ORCL,AXP,0.276778659646526
UNH,JNJ,0.2765657769588402
WMT,TJX,0.2764340758911654
CSCO,COP,0.2757524222148732
JNJ,HD,0.2755898901256495
META,BA,0.2755717745027667
JNJ,DHR,0.2745042114799162
META,ORCL,0.27450411564234195
AAPL,USB,0.27410868935355165
JNJ,EFA,0.27406958676338855
LOW,GE,0.2734667637100018
CRM,C,0.2730760872974649
BAC,DHR,0.273031643186827
GOOGL,TGT,0.2725597016833924
AAPL,CAT,0.27165114538324225
JNJ,SPY,0.2715608872163714
META,TJX,0.27147980924597187
TMO,MCD,0.2713563318951043
MCD,UPS,0.27109488706515555
JPM,TSLA,0.2706683496054156
AMZN,GE,0.2705819541736396
MSFT,MCD,0.27046629020363394
C,DHR,0.27035774078502317
BAC,MCD,0.27010907201014844
AAPL,GE,0.26999587293573957
MSFT,BAC,0.2696778663582426
TSLA,HD,0.26957407109245196
MSFT,GE,0.2691820015438353
MS,MCD,0.2687506043594298
CRM,TJX,0.2683343979252772
DHR,TSLA,0.26830008663450894
TJX,UPS,0.26827239647178514
ORCL,HON,0.26825877396590436
CSCO,AMGN,0.26823404516817756
NVDA,JPM,0.26814262703835196
CRM,BA,0.2671695793481022
CSCO,XOM,0.26702353378100085
ABBV,EFA,0.266992083993468
BAC,TSLA,0.2662335235473983
ADBE,TJX,0.2662292250270165
AMGN,HD,0.2660790149843595
WMT,MCD,0.2657267812944119
CVX,UPS,0.2648585097298067
CSCO,JNJ,0.26405570796513084
SCHW,TGT,0.26404861090805987
CRM,BAC,0.2639031195707569
META,GE,0.2633560187180037
BLK,JNJ,0.2623698735143018
MSFT,WMT,0.2621880125958371
AAPL,WFC,0.26202351629401577
AMGN,LOW,0.26136262158191625
CRM,TGT,0.2613347098711568
NVDA,HON,0.2611592844458956
AVGO,BAC,0.2611204491602432
LLY,QQQ,0.2609969889546914
LLY,PFE,0.26099675160097824
WFC,TSLA,0.26094553329070125
MSFT,TGT,0.2606740079016092
WMT,HON,0.26032074642558667
MSFT,CAT,0.2601188710197516
ORCL,JPM,0.2600849798169209
DHR,CAT,0.26005328220936463
SCHW,LOW,0.26002454128636243
GS,MCD,0.25957709329384565
CSCO,PFE,0.2593796850901824
JNJ,LOW,0.25870080349474545
BLK,PFE,0.25849508634464174
UNH,TMO,0.25751038588383035
GOOGL,ABT,0.2573702912965206
MSFT,SCHW,0.25719360420286697
WMT,EFA,0.2569754232611888
JPM,DHR,0.25683466068063276
C,TMO,0.2566097703414103
META,BAC,0.25641491422651064
DHR,DE,0.25604758184316906
SBUX,CVX,0.2560287378547561
UNH,MCD,0.256001927612435
SBUX,COP,0.2559875650572938
WMT,IWM,0.25591449732181043
ADBE,MCD,0.25556316901719456
LLY,EFA,0.2555397712423693
GOOGL,USB,0.25546570960321807
MCD,DE,0.2549017023497075
AVGO,UPS,0.2547937571841912
USB,TMO,0.2546719269735136
LLY,TMO,0.2545722439032499
AVGO,DE,0.2543107472536088
LOW,BA,0.25425180375632034
META,JPM,0.2537292481349081
MRK,SPY,0.25354385461420104
UNH,AMGN,0.25353184086851177
BLK,ABBV,0.25341317807810787
ABBV,MCD,0.2526965743327119
MRK,MCD,0.2526685704664272
CRM,JPM,0.2525341884301811
ABT,TJX,0.2523708733634966
NVDA,SCHW,0.2522115054348094
META,TGT,0.25205409144451724
WFC,AMZN,0.2517952679232087
AMZN,CAT,0.25130536510722135
AAPL,AMGN,0.25119039961695677
WFC,MCD,0.25105466465335075
MRK,HON,0.25086599124268344
MCD,GE,0.2507707880189642
MS,ABT,0.25038414119944985
ORCL,TSLA,0.2503605477370878
NKE,RTX,0.24997984353884278
UNH,HON,0.24965181922722607
ORCL,C,0.24846248554351194
TGT,BA,0.24840723120874114
CVX,QQQ,0.24839191502064634
JPM,ABT,0.24815968006082928
AMZN,WMT,0.24809322695872066
USB,TSLA,0.24806177745656038
MSFT,WFC,0.24784489053122435
CSCO,TSLA,0.2478070109353
TSLA,TGT,0.24746691841245613
AVGO,TJX,0.2474440255585543
TSLA,LOW,0.24740781987368338
NVDA,TGT,0.2462081474842369
ABT,AMZN,0.24607065712235804
HD,RTX,0.2457053490445756
AVGO,SCHW,0.24514344011682707
TSLA,NKE,0.24478674552695567
AVGO,WFC,0.24476019180057837
GOOGL,SCHW,0.24452383916106782
UNH,ABBV,0.24441035977249537
C,MCD,0.24430560949508373
CRM,GE,0.24426341726695486
SCHW,MCD,0.24418801993491865
ORCL,HD,0.24365297157428098
ABBV,RTX,0.24349957791352092
UNH,MRK,0.2432195261906368
CSCO,ABBV,0.243143887179308
ABBV,CVX,0.24310533497281242
AVGO,USB,0.24284463791629474
XOM,UPS,0.2426549392932506
TMO,CAT,0.24225633142253428
UNH,DHR,0.24099671804968528
CRM,SCHW,0.24060771052816568
ABT,TGT,0.2403919055967708
DHR,TJX,0.24018793998244276
TSLA,TJX,0.24017953221166863
LLY,DHR,0.23954816519644737
ABBV,COP,0.23897215413445236
TSLA,CAT,0.23878572645064644
UNH,EFA,0.23874862084498438
TSLA,HON,0.2383212074668905
ORCL,BAC,0.23829090599433134
ADBE,BA,0.23825473024996208
GS,ABT,0.23813200924591935
BAC,TMO,0.23805870641153853
NVDA,TJX,0.2378873273363425
TSLA,UPS,0.23715468373372467
CRM,CAT,0.23688393063873112
BLK,UNH,0.23684901074549294
JNJ,RTX,0.23671169895108618
AAPL,SCHW,0.23660233250593882
PFE,IWM,0.2363901013211204
COP,QQQ,0.23607066955085865
JPM,ABBV,0.23605607950975196
ADBE,C,0.2360469116844338
SCHW,DHR,0.23586139691938826
TMO,DE,0.23562799265491932
ABBV,HD,0.23547402998089298
NKE,CVX,0.2354211982842559
GOOGL,MCD,0.2353880363505218
ORCL,SBUX,0.2346860416873573
USB,PFE,0.2343093815644368
AVGO,TGT,0.23410815486903896
NVDA,BAC,0.2336137744719902
SCHW,TSLA,0.23325859363931037
MCD,TGT,0.2328690527551381
META,USB,0.2324863214614626
MCD,CAT,0.2323861258339641
UNH,IWM,0.23230927827038395
AXP,ABT,0.23230147002917936
UNH,ABT,0.23206683338678277
TSLA,GE,0.2318602246524182
RTX,UPS,0.23172979638382146
JPM,TMO,0.23166386404778486
MRK,EFA,0.23136708324148494
ABBV,HON,0.23101455875714358
CRM,WFC,0.23085086052667658
META,WFC,0.23004211160990554
USB,ABBV,0.22995788551146126
COP,UPS,0.22956914371028755
JNJ,WMT,0.22926857544572954
ABBV,XOM,0.22860598565611326
ABBV,IWM,0.22837993487772218
JPM,JNJ,0.228282052768621
SCHW,AMZN,0.2270889775503397
CRM,USB,0.2268104241363793
TGT,CVX,0.22672913854580976
USB,JNJ,0.22622378824164305
AMGN,CAT,0.22607186652375935
BAC,ABT,0.22603947065390387
ABBV,UPS,0.22570549046808294
SBUX,XOM,0.22554914874049656
DHR,GE,0.22533170570480238
LLY,HD,0.22526382310905724
JNJ,TJX,0.22525068938196494
NVDA,DE,0.22496265607707108
USB,AMGN,0.22474415997218608
ORCL,DHR,0.2245173166274726
ORCL,LOW,0.22422692958200927
EFA,AGG,0.22419109734704215
PFE,UPS,0.22326272944016567
USB,ABT,0.2224017021595313
CRM,MCD,0.22211270787666584
MSFT,DE,0.22163035159857988
TSLA,DE,0.22160308714430652
ORCL,NKE,0.2212742809231125
LLY,ABT,0.22094301210688488
USB,AMZN,0.22052684341569334
UNH,HD,0.22050354773414993
AMZN,DE,0.22047073213224105
ORCL,TMO,0.22045316709419363
ORCL,TJX,0.2203438676576612
WFC,DHR,0.21988498268762205
ABT,WMT,0.21895707478200702
GS,ABBV,0.2189486490302623
WMT,UPS,0.21894849523877533
NKE,COP,0.2183852475680751
AMGN,SBUX,0.2180995008524286
UPS,GE,0.2177519282183396
AMGN,UPS,0.21755060075455432
JPM,PFE,0.21711028723770798
TGT,TJX,0.2170256681879941
WMT,NKE,0.21631102151992151
UNH,PFE,0.2163056208681945
BAC,ABBV,0.2160815673237768
AVGO,RTX,0.2159952592853036
AXP,ABBV,0.21598624729347343
ORCL,UPS,0.21593230431714489
ORCL,WFC,0.2158578635411826
WMT,DE,0.21539548106703066
PFE,HD,0.21510925194872454
JNJ,UPS,0.2150343245789039
META,ABT,0.21468768435161603
MSFT,LLY,0.21454464667207565
TGT,GE,0.21431578232239654
BLK,AGG,0.21372464870047883
NVDA,WFC,0.21343581963246344
C,ABBV,0.21286251697460767
ADBE,JPM,0.2126895927356701
ABBV,LOW,0.2124212521139885
GOOGL,WMT,0.2124163572330875
AXP,UNH,0.2120878138221161
HD,CVX,0.21175166607081106
UNH,RTX,0.2114340974989276
ORCL,USB,0.21122931333883346
DHR,AGG,0.21112450646934064
CSCO,LLY,0.21043510468351498
AXP,PFE,0.21020151043078278
AAPL,CVX,0.21015417715755208
AAPL,RTX,0.20994983659521363
LLY,HON,0.20993730422581466
TGT,COP,0.20979042569275383
ADBE,GE,0.20917338503784688
NVDA,ABT,0.20898289714883508
BAC,PFE,0.20894862235301248
ORCL,RTX,0.20893065192781957
LLY,IWM,0.20871371976682157
WFC,ABBV,0.20859605027898814
BAC,JNJ,0.20824032936320758
C,ABT,0.20819755311294724
GS,WMT,0.20799955360582212
MSFT,USB,0.2077744538834046
ABT,DE,0.20768989389730105
PFE,RTX,0.2076236536506999
DHR,BA,0.2073698370034633
AMGN,DE,0.2068888251348311
WMT,SBUX,0.2066872062176673
GS,PFE,0.2060286066646821
GS,AMGN,0.20592110945775244
GOOGL,RTX,0.20579621419528593
JNJ,CVX,0.20568250765569665
GOOGL,DE,0.20548951761692846
PFE,CVX,0.2054165158669038
LOW,RTX,0.2052755126118313
JPM,UNH,0.20497708058602018
ORCL,SCHW,0.20493219683247685
CRM,DE,0.20422426806360333
NKE,XOM,0.2041716432203131
ADBE,SCHW,0.2033164151837962
ADBE,BAC,0.2030273191362325
ABT,GE,0.20256447961630722
TGT,RTX,0.20235962685740838
MS,ABBV,0.2023078763981501
MS,PFE,0.20219123798501593
PFE,TGT,0.20198616635300556
ORCL,BA,0.20128372730470395
MSFT,AMGN,0.2010633475252126
LLY,LOW,0.20049047249365679
UNH,LOW,0.20041071525533038
MS,WMT,0.2001538509169988
AXP,WMT,0.1997974180553728
DHR,RTX,0.19956680578012898
AXP,AMGN,0.19943939708576675
JNJ,IWM,0.19943453391630073
BAC,WMT,0.19910404089555553
META,SCHW,0.19801287899483755
ADBE,USB,0.19786514800194577
META,CAT,0.19770215917961276
DHR,WMT,0.19761702648896154
QQQ,AGG,0.19703634280231103
AMZN,MCD,0.19698931064704214
BLK,LLY,0.19653368865510903
MSFT,RTX,0.1964820137063874
USB,UNH,0.19633375545454274
JPM,WMT,0.1961746860954961
BAC,UNH,0.1961226462152033
MS,AMGN,0.19589743111886818
AMGN,TJX,0.1958851631477899
ABBV,CAT,0.19538892768944827
AAPL,COP,0.19537373818097967
UNH,QQQ,0.19535291849648584
PFE,MCD,0.19524588734404608
ORCL,DE,0.1952189370974571
GOOGL,CVX,0.19500316625246247
MCD,CVX,0.19497053843738388
GS,JNJ,0.19447331345831115
TMO,WMT,0.1941750910306279
ADBE,WMT,0.1941449082391057
ABBV,TGT,0.19409868670338848
META,WMT,0.1939553819717503
CRM,RTX,0.19355137848516524
TMO,GE,0.19351616603495672
UNH,TJX,0.1932659471248975
AAPL,LLY,0.1931030741956298
ABBV,TJX,0.192603906297289
PFE,SBUX,0.19245879671593683
C,PFE,0.19234182626812962
MRK,CVX,0.19136247022669808
SCHW,TMO,0.19125027259758284
MRK,NKE,0.19122738674725925
PFE,CAT,0.1901937638988805
ABT,RTX,0.1896355406032116
ADBE,AMGN,0.18934456396045776
LOW,CVX,0.1893033430226082
WFC,ABT,0.18920506936728185
LLY,GE,0.18909462145911538
WFC,TMO,0.1884905867239132
MCD,XOM,0.18844751513434307
MRK,RTX,0.1881054049152574
C,AMGN,0.18805092309560364
TMO,AGG,0.1873808956014504
ORCL,LLY,0.18738055862431235
MSFT,UNH,0.18627627288609208
TSLA,WMT,0.18620311206236512
ABBV,WMT,0.18610440437998454
PFE,NKE,0.18606059794612698
ADBE,WFC,0.185836507324333
MS,JNJ,0.18577408777830842
ABT,BA,0.18552738795924104
WFC,JNJ,0.18531904954190942
ADBE,DE,0.18515790299131912
META,MCD,0.1847986221228376
ABBV,QQQ,0.18412482981624675
TMO,TJX,0.18392736375552082
SPY,AGG,0.18372189948259549
XOM,QQQ,0.1836411798651963
MRK,IWM,0.1833170999238125
PFE,QQQ,0.18285935052505387
ADBE,LLY,0.18276169604064782
AMGN,RTX,0.18272452521827026
META,LLY,0.18222601357003967
ADBE,CAT,0.1817295346096074
MRK,COP,0.18165159223987476
ORCL,TGT,0.18111094525372032
WFC,UNH,0.18107266482096043
ABBV,SBUX,0.18069926645571172
AAPL,PFE,0.18054616982235194
JPM,AMGN,0.1802906851461417
BAC,AMGN,0.18021821198716068
BLK,MRK,0.18009746382941647
AVGO,COP,0.1799557991256267
ABBV,DE,0.17993661414494244
GOOGL,COP,0.1797844867991131
NVDA,LLY,0.1796038348004489
AAPL,JNJ,0.1791366475794102
NVDA,USB,0.17891620079451045
GS,UNH,0.17886370389679454
SCHW,ABT,0.17866765242380717
WFC,PFE,0.1778418689532869
LLY,TJX,0.17751706535084658
MS,UNH,0.17751550674649394
SCHW,WMT,0.17735822591838174
USB,MRK,0.1770660105085519
UNH,DE,0.17701427987670829
UNH,SBUX,0.17661701471631283
UNH,UPS,0.17635739278846765
IWM,AGG,0.17627931695503338
UNH,CVX,0.17586657912719228
AMGN,TGT,0.17582615518607012
CSCO,UNH,0.17568885830094522
CRM,WMT,0.17562963859514627
PFE,LOW,0.17551012980024616
WMT,RTX,0.1751394605487233
MRK,XOM,0.17505990349864992
JNJ,XOM,0.17500977261271897
PFE,COP,0.17492818187630335
AAPL,XOM,0.17376633712209336
TMO,BA,0.17327013270522248
AVGO,CVX,0.1725469945236636
CSCO,MRK,0.17253459581471386
JNJ,TGT,0.172350556377975
TGT,XOM,0.17202270207261317
GS,LLY,0.17184900640942238
PFE,BA,0.17149931147035774
GOOGL,LLY,0.17118791690846408
ABBV,GE,0.17113246567294713
AMGN,NKE,0.17081750225278247
C,JNJ,0.1704390030363362
AXP,JNJ,0.17009998284643235
AMGN,CVX,0.16984312016657674
GOOGL,AMGN,0.1696363072629746
MRK,LOW,0.1695718757691693
C,WMT,0.16938639835958916
AMGN,WMT,0.16933834560789032
AAPL,UNH,0.16915573021257502
PFE,XOM,0.1687266660963225
TSLA,RTX,0.16868404591172256
JNJ,DE,0.1683593474917371
LLY,AMZN,0.16833415016016914
AVGO,LLY,0.16828272783418208
TMO,RTX,0.16777574813633947
AMGN,AGG,0.16756888097042968
C,UNH,0.16698392987138247
ORCL,COP,0.16696469933150881
AAPL,AGG,0.1669627873160289
MRK,HD,0.1667767818891603
LLY,WMT,0.16659782823279604
AVGO,ABT,0.1664770307530695
CRM,LLY,0.1664648134541303
AAPL,MRK,0.1661098785078798
AVGO,MCD,0.16567097114368642
HD,COP,0.1646897194314999
ADBE,RTX,0.16435006104741096
JPM,MRK,0.16408998153663937
ADBE,AGG,0.16401596165870083
MS,LLY,0.163798206310814
AVGO,WMT,0.1637213072290232
AAPL,ABBV,0.16314757920948952
AMZN,AGG,0.1624301335976136
JNJ,SBUX,0.16217851584658136
ABT,AGG,0.16215000852968384
ORCL,CVX,0.16190592517565572
MRK,UPS,0.16173728615081254
PFE,TJX,0.16146217572463079
GOOGL,UNH,0.1612050059305076
WFC,WMT,0.16111065416626003
WMT,BA,0.1607148981139916
UNH,COP,0.16035079507908043
META,DE,0.16034404161372243
BAC,MRK,0.1603306151355417
AMGN,AMZN,0.15990114241674314
HD,XOM,0.1597269330349475
WFC,AMGN,0.15912582957993768
MRK,TGT,0.1590243062944243
CRM,COP,0.15825461776643968
JNJ,CAT,0.15799745914658292
PFE,DE,0.15787409851543902
UNH,LLY,0.15765381320744423
WMT,GE,0.1566949446596973
LLY,NKE,0.15559513983158
WMT,CAT,0.1554884938993579
NVDA,WMT,0.15531332995306732
ADBE,UNH,0.1551125458751594
MCD,COP,0.15488271792636685
LLY,RTX,0.15483419422626005
DHR,CVX,0.1547334886582324
AMGN,GE,0.154724490806739
JNJ,NKE,0.15467076349958853
MSFT,AGG,0.15403192734539037
GS,MRK,0.1531274912363217
MSFT,PFE,0.15252099949257536
MRK,CAT,0.15183640605195747
AMGN,COP,0.15161859780115708
AMZN,RTX,0.151278903759138
MSFT,ABBV,0.15070983883656247
TMO,CVX,0.15062267804149077
CRM,UNH,0.1502246777307288
NVDA,RTX,0.15018012948319276
MSFT,CVX,0.15015140115971629
LLY,SBUX,0.14944417856582587
AXP,LLY,0.14900254511477296
ABT,CAT,0.14889408445094915
MRK,DE,0.14887718087689608
ABBV,NKE,0.1485646226759691
ORCL,WMT,0.14828572005013682
ABT,TSLA,0.14826220328971865
MRK,SBUX,0.14807100605878276
USB,WMT,0.14686912617745307
CRM,CVX,0.14674052640724522
AVGO,AMGN,0.1462290030741784
JNJ,COP,0.1462127705080762
LOW,XOM,0.14617959643769057
CRM,AMGN,0.1459334828112251
MS,MRK,0.14536542245655307
ORCL,AMGN,0.1451891134991743
MRK,TJX,0.1451420609705849
AMZN,CVX,0.14492412858635306
NVDA,MCD,0.14471398159876556
ORCL,MCD,0.14466343337615994
TSLA,MCD,0.1446391647272452
SCHW,JNJ,0.14421027388920582
AMZN,COP,0.14400376078068172
JPM,LLY,0.14373052546771917
UNH,WMT,0.1430469174452518
SCHW,AMGN,0.14211973887790408
LLY,COP,0.14208293183047482
AXP,MRK,0.14125360754576874
TSLA,COP,0.14095557747388057
C,LLY,0.140311155687385
WMT,CVX,0.1402985397131794
LLY,MCD,0.13968396554061288
SCHW,ABBV,0.1392733078767581
MRK,QQQ,0.13916206885688395
UNH,XOM,0.1379088918408414
MSFT,COP,0.13774921269671744
DHR,COP,0.13740423446189412
ABBV,BA,0.137219219861487
NVDA,COP,0.13692248787002922
GOOGL,AGG,0.13686540393748822
LLY,CAT,0.13662491593137252
UNH,GE,0.13640922749246248
MCD,AGG,0.1352589469108013
GOOGL,XOM,0.13493813838335564
NKE,AGG,0.134738689715992
LOW,COP,0.13361526544209557
LLY,UPS,0.13334183980141107
ADBE,ABBV,0.1328685085529977
MRK,WMT,0.13279617223736995
GOOGL,PFE,0.13278461080024453
UNH,BA,0.13260938717449214
SCHW,UNH,0.13257207796930098
META,AMGN,0.1321710048450528
MRK,GE,0.13158057308865595
NVDA,CVX,0.13054307365669995
JNJ,AGG,0.13012984272414607
SBUX,AGG,0.12983253633260175
TSLA,CVX,0.12931274977569143
JNJ,QQQ,0.12923745862373776
CRM,AGG,0.1288951816427412
TMO,COP,0.12840414422108098
WFC,MRK,0.1283565599064676
SCHW,PFE,0.12786969284195943
C,MRK,0.12748072551329945
PFE,GE,0.12701664149157232
ORCL,ABT,0.12661537690411026
PFE,AGG,0.12530171324708395
SCHW,MRK,0.12502697591476244
AMGN,XOM,0.12479930632668933
UNH,CAT,0.12445297825469945
MSFT,JNJ,0.12442325289037075
AMGN,TSLA,0.12279981401970275
TGT,AGG,0.12185697765207226
AVGO,XOM,0.12116002272246446
NVDA,AGG,0.12086989518283858
WFC,LLY,0.1207416077253881
LLY,CVX,0.12062758010915414
MSFT,MRK,0.12012657908407029
ORCL,PFE,0.11946727501016043
META,RTX,0.1193546214663213
PFE,WMT,0.11907652129167103
WMT,COP,0.11880472482401011
GOOGL,ABBV,0.1181037634593116
ORCL,XOM,0.11762428550901918
META,CVX,0.11738629618640863
UNH,TGT,0.1173561200946863
LLY,XOM,0.11570167348053974
JNJ,BA,0.11471487673348363
JNJ,GE,0.1146280073827793
UNH,AMZN,0.1145640274000884
ADBE,PFE,0.1138860162234354
ABT,CVX,0.11326233147401946
ORCL,UNH,0.11302800654179543
HON,AGG,0.11291850602375629
AMGN,BA,0.11289824712696647
LLY,BA,0.11212297732257155
CRM,XOM,0.11082102671501498
BAC,LLY,0.11078294378616264
DHR,XOM,0.11028150513137173
ADBE,CVX,0.1102369116445337
GOOGL,JNJ,0.1094165297375997
WMT,XOM,0.10750178877117202
TJX,AGG,0.10744127591564381
LLY,TGT,0.1073828893805621
META,AGG,0.10519413786647154
NVDA,AMGN,0.1031969249991872
ADBE,COP,0.10309898350942331
TSLA,AGG,0.10279526886334385
CRM,ABBV,0.1011508376458336
USB,LLY,0.10060057773989399
META,COP,0.09995701709953268
AVGO,ABBV,0.09943281643678423
TMO,XOM,0.09727572423393573
UPS,AGG,0.09658942023421131
PFE,AMZN,0.09652115588556784
MRK,BA,0.09648649145348563
AVGO,AGG,0.09599131624153334
META,PFE,0.09598521207235321
UNH,NKE,0.09471625534935331
WMT,AGG,0.09466108350479874
AMZN,XOM,0.09406602633307792
NVDA,UNH,0.09307614646674701
SCHW,LLY,0.09211974583370847
GOOGL,MRK,0.0913325556701921
ORCL,ABBV,0.09086722780050696
ADBE,JNJ,0.09054324682957517
MSFT,XOM,0.08865565302264845
ABT,XOM,0.08761375720413436
LLY,TSLA,0.0843717573063589
ORCL,MRK,0.083601557138253
UNH,TSLA,0.0827733510901312
TSLA,XOM,0.08232456288121312
ABBV,AGG,0.08198180423257204
META,MRK,0.08154214343441724
AVGO,UNH,0.08117848262100827
LLY,AGG,0.07822062253813546
ORCL,AGG,0.0781393456022246
CSCO,AGG,0.07789877551928853
AVGO,PFE,0.07650688827082758
CRM,PFE,0.07555241172781406
ABT,COP,0.07496191548098403
CRM,MRK,0.07391469718499759
MRK,AGG,0.07167722799890358
ABBV,AMZN,0.07138980793993968
META,XOM,0.07092368027576702
LLY,DE,0.07011679105364575
NVDA,XOM,0.06991863174261631
META,UNH,0.06976549690809268
ADBE,XOM,0.06947051151774195
ADBE,MRK,0.06755121562457202
CRM,JNJ,0.06507973952790233
MRK,AMZN,0.061151074645042956
PFE,TSLA,0.06010853477873317
META,ABBV,0.059673039813805756
BA,AGG,0.05790653623938912
ORCL,JNJ,0.057180121719439723
GS,AGG,0.052603204241728034
NVDA,ABBV,0.05035553861497092
RTX,AGG,0.048645296616661685
MS,AGG,0.045344201590780835
ABBV,TSLA,0.04356327794516145
META,JNJ,0.04268352250989075
AVGO,MRK,0.04161041922796018
NVDA,PFE,0.04133695294454514
JNJ,AMZN,0.035355762585847335
UNH,AGG,0.02948269472608774
MRK,TSLA,0.025857608111490595
DE,AGG,0.02220048954755662
JNJ,TSLA,0.017960868001426204
NVDA,MRK,0.01412997996254336
AXP,AGG,0.0037536674890924163
C,AGG,0.00139090851685144
USB,AGG,-0.013165675771775666
CAT,AGG,-0.014795532175374847
AVGO,JNJ,-0.019628582387408007
GE,AGG,-0.021983390965654846
BAC,AGG,-0.022393477624347007
CVX,AGG,-0.05050838766702971
NVDA,JNJ,-0.05835386740882274
JPM,AGG,-0.06631525492300894
XOM,AGG,-0.06836452756125531
SCHW,AGG,-0.06945643886476237
COP,AGG,-0.0718948738595538
WFC,AGG,-0.07308201996689753
